champion,bucket,picks,win_rate,ban_rate,ban_win_salience_residual
Aatrox,low,1696,0.4964622641509434,0.004707874682472481,-0.43540398190856294
Ahri,low,6411,0.512244579628763,0.010753598645215919,-0.9467667565366129
Akali,low,2312,0.4749134948096886,0.006943268416596105,0.3570011677269647
Alistar,low,5201,0.4866371851567006,0.004064352243861135,-0.08904172877039923
Amumu,low,4993,0.551171640296415,0.011024555461473328,-2.3395206256327725
Anivia,low,2655,0.5212806026365349,0.006756985605419136,-1.3065180093511946
Annie,low,7045,0.5056068133427963,0.051058425063505504,-0.3469145288230971
Ashe,low,5655,0.4806366047745358,0.0012023708721422524,0.10032411041284944
Azir,low,2665,0.46904315196998125,0.005402201524132092,0.5535613050236828
Bard,low,3160,0.44050632911392407,0.004843353090601185,1.5713326933527494
Blitzcrank,low,13266,0.5199758781848334,0.09405588484335309,-0.4757888673066491
Brand,low,9104,0.5632688927943761,0.191922099915326,-1.1485927845049417
Braum,low,5979,0.4930590399732397,0.004436917866215072,-0.31586208025950513
Caitlyn,low,9424,0.46551358234295415,0.013226079593564775,0.7503252483679108
Cassiopeia,low,1056,0.48295454545454547,0.0012531752751905165,0.01770289514450546
Cho'Gath,low,4945,0.5035389282103134,0.03722269263336156,-0.39704774750001015
Corki,low,2354,0.5106202209005948,0.0030651989839119392,-0.9575918119285712
Darius,low,4983,0.4675898053381497,0.4539034716342083,4.633306860017139
Diana,low,4687,0.5058672925112012,0.027349703640982218,-0.569160758228504
Dr. Mundo,low,6240,0.5399038461538461,0.6267569856054191,3.5937637067620725
Draven,low,3361,0.504016661707825,0.004843353090601185,-0.7049449698996714
Ekko,low,5930,0.49308600337268127,0.017425910245554614,-0.20018400471816694
Elise,low,2342,0.45388556789069173,0.007857747671464861,1.118876622941945
Evelynn,low,1713,0.4985405720957385,0.004352243861134632,-0.5130863980779328
Ezreal,low,8266,0.47435277038470847,0.0025740897544453854,0.337861784259238
Fiddlesticks,low,1320,0.4628787878787879,0.0013039796782387807,0.7376955704876067
Fiora,low,4218,0.5056899004267426,0.2162912785774767,1.1339408104274808
Fizz,low,7451,0.502617098376057,0.09822184589331075,0.18377960270599403
Galio,low,804,0.5261194029850746,0.0018120237087214225,-1.5243527667325178
Gangplank,low,2609,0.5093905711000384,0.024775613886536832,-0.7185547828494303
Garen,low,6733,0.5207188474676964,0.3988653683319221,2.2348494159459884
Gnar,low,4101,0.501584979273348,0.008873835732430144,-0.5815961284492684
Gragas,low,1508,0.4376657824933687,0.002523285351397121,1.6523060947499109
Graves,low,6049,0.5427343362539263,0.1530397967823878,-0.7617855271988014
Hecarim,low,3187,0.5083150298085974,0.005774767146486029,-0.8506387040498782
Heimerdinger,low,2721,0.5034913634693128,0.017138018628281116,-0.57570848421587
Illaoi,low,4536,0.47442680776014107,0.43268416596104997,4.197706653676674
Irelia,low,3546,0.5135363790186125,0.020033869602032177,-0.9097270106146216
Janna,low,3655,0.518467852257182,0.0017104149026248943,-1.251025548390706
Jarvan IV,low,2527,0.49188761377127027,0.0031498729889923795,-0.28543491510777164
Jax,low,8352,0.5068247126436781,0.6153259949195597,4.676701708339188
Jayce,low,1418,0.4717912552891396,0.001405588484335309,0.41917576123532807
Jinx,low,12384,0.5020994832041343,0.0077392040643522435,-0.6102257773445181
Kalista,low,3441,0.4882301656495205,0.0059271803556308214,-0.12940716604812535
Karma,low,2247,0.4730752113929684,0.0006265876375952582,0.3661617862679332
Karthus,low,896,0.4955357142857143,0.0009144792548687553,-0.43626111304274784
Kassadin,low,2688,0.4720982142857143,0.005402201524132092,0.4440646321970131
Katarina,low,3000,0.498,0.014072819644369178,-0.4064184652493039
Kayle,low,2707,0.5123753232360547,0.006096528365791702,-0.9932744278043419
Kennen,low,1610,0.4608695652173913,0.0009314140558848434,0.806362506608442
Kha'Zix,low,1897,0.44649446494464945,0.0012701100762066045,1.3246229198542172
Kindred,low,4633,0.4562918195553637,0.06787468247248095,1.5716014304221833
Kog'Maw,low,1753,0.4535082715345123,0.005876375952582557,1.114606099814551
LeBlanc,low,5343,0.4579824068875164,0.04292972057578323,1.2869968524962623
Lee Sin,low,13147,0.46398417890012933,0.03085520745131245,0.9634547647332327
Leona,low,9817,0.5176734236528471,0.010059271803556308,-1.147577515378108
Lissandra,low,1418,0.4915373765867419,0.0011685012701100762,-0.2906752676392926
Lucian,low,13148,0.5082902342561606,0.009991532599491955,-0.8118823733207875
Lulu,low,3550,0.47295774647887323,0.002218458933107536,0.3846672645587372
Lux,low,11801,0.5237691721040589,0.015715495342929722,-1.3152612700181603
Malphite,low,8541,0.5197283690434376,0.04082980524978831,-0.9449016799089373
Malzahar,low,4642,0.5389918138733305,0.016443691786621507,-1.8543175020974314
Maokai,low,1237,0.47291835084882783,0.0009991532599491957,0.37512956903666417
Master Yi,low,9200,0.511195652173913,0.09033022861981371,-0.19455360237451425
Miss Fortune,low,15561,0.5514427093374462,0.09278577476714649,-1.614999374828221
Mordekaiser,low,641,0.44305772230889234,0.01913632514817951,1.6082425991366285
Morgana,low,10288,0.5082620528771384,0.018543607112616427,-0.7340725072398402
Nami,low,3053,0.5168686537831642,0.0006265876375952582,-1.2034416253083977
Nasus,low,6542,0.5233873433200856,0.03905165114309907,-1.0920114762577846
Nautilus,low,6133,0.5214413826838415,0.005605419136325149,-1.3226218980346602
Nidalee,low,2672,0.4161676646706587,0.001947502116850127,2.417650752360645
Nocturne,low,1899,0.5186940494997367,0.001066892464013548,-1.264911693435224
Nunu,low,1325,0.46641509433962264,0.0004911092294665538,0.6036508127633107
Olaf,low,3021,0.47765640516385305,0.007959356477561389,0.2678170827561146
Orianna,low,2469,0.4629404617253949,0.0007790008467400508,0.7307706703050523
Pantheon,low,4111,0.48844563366577476,0.006587637595258255,-0.1311986933557044
Poppy,low,4821,0.46774528106202035,0.051752751905165116,1.0163181670911483
Quinn,low,4620,0.512987012987013,0.03813717188823031,-0.7274648666526099
Rammus,low,3539,0.513421870584911,0.022320067739204065,-0.8850922631644143
Rek'Sai,low,1614,0.4721189591078067,0.0019136325148179508,0.4119928741757071
Renekton,low,5218,0.5024913760061326,0.020880609652836578,-0.5062584489586621
Rengar,low,6565,0.4737242955064737,0.06176121930567316,0.8919025456116558
Riven,low,6240,0.46041666666666664,0.03618966977138019,1.1392230214443355
Rumble,low,1086,0.46408839779005523,0.0006096528365791702,0.688106636108099
Ryze,low,2223,0.4089068825910931,0.004419983065198984,2.7000883920892305
Sejuani,low,1748,0.5051487414187643,0.002201524132091448,-0.7692442066034424
Shaco,low,4005,0.49313358302122345,0.013903471634208298,-0.23352170905914557
Shen,low,4906,0.5136567468406034,0.0059949195596951735,-1.0401144816033177
Shyvana,low,3414,0.5125951962507322,0.0063336155800169346,-0.9990258059942985
Singed,low,1351,0.5114729829755736,0.0017104149026248943,-1.0003220163385915
Sion,low,1603,0.5140361821584529,0.0009652836579170195,-1.0988812620172153
Sivir,low,3549,0.4652014652014652,0.0007790008467400508,0.6497339082710076
Skarner,low,964,0.5186721991701245,0.0025740897544453854,-1.250593537450682
Sona,low,5437,0.5302556556924775,0.0031329381879762913,-1.6607382999029294
Soraka,low,6864,0.4994172494172494,0.26797629127857747,1.8229039017920594
Swain,low,1884,0.5207006369426752,0.003928873835732431,-1.3111285906521077
Syndra,low,1658,0.4686369119420989,0.0014563928873835732,0.5326870080247261
Tahm Kench,low,6178,0.50615085788281,0.30530059271803556,1.9167460037743362
Talon,low,2785,0.5012567324955116,0.006858594411515664,-0.5879287981595697
Taric,low,2298,0.536118363794604,0.001388653683319221,-1.886528095597375
Teemo,low,4722,0.4836933502753071,0.012193056731583404,0.08946627937635238
Thresh,low,13869,0.47537673949095105,0.00768839966130398,0.3470894562294837
Tristana,low,12675,0.4900197238658777,0.01048264182895851,-0.15263762138549927
Trundle,low,4533,0.5318773439223472,0.029923793395427604,-1.4782725964296557
Tryndamere,low,6375,0.5215686274509804,0.18262489415749364,0.2624976575624077
Twisted Fate,low,3969,0.4983623078861174,0.0026418289585097374,-0.5220571828978647
Twitch,low,2646,0.48677248677248675,0.000829805249788315,-0.12293814110698109
Udyr,low,5395,0.5253012048192771,0.011752751905165114,-1.4057573962171923
Urgot,low,471,0.4564755838641189,0.0018797629127857748,0.9723638726537819
Varus,low,2752,0.48255813953488375,0.0005249788314987298,0.0253711133965564
Vayne,low,15936,0.4891440763052209,0.07200677392040644,0.4312489512897764
Veigar,low,3360,0.45863095238095236,0.0622692633361558,1.4374263327160142
Vel'Koz,low,2433,0.5248664200575421,0.0009822184589331076,-1.486896393304551
Vi,low,4785,0.49968652037617556,0.01695173581710415,-0.44101174056804304
Viktor,low,2218,0.4932371505861136,0.0026926333615580017,-0.33790987428461733
Vladimir,low,3810,0.49343832020997375,0.005436071126164267,-0.3204832343926809
Volibear,low,6286,0.5357938275532931,0.02348856900931414,-1.6764334828348029
Warwick,low,4121,0.5124969667556418,0.004301439458086367,-1.0137546178594221
Wukong,low,4511,0.5256040789181999,0.006807790008467401,-1.4610197471495696
Xerath,low,1246,0.5056179775280899,0.0007790008467400508,-0.7988367491041489
Xin Zhao,low,7405,0.49426063470627957,0.036443691786621504,-0.07149949685589578
Yasuo,low,9405,0.48219032429558745,0.37698560541913634,3.4192666752997205
Yorick,low,660,0.44545454545454544,0.0018966977138018628,1.367521654237356
Zac,low,1847,0.4921494315105577,0.0016088060965283658,-0.3086579151896039
Zed,low,8836,0.4846084200995926,0.06487722269263337,0.5297864862897829
Ziggs,low,1409,0.49751596877217885,0.0005927180355630821,-0.510125031609268
Zilean,low,1437,0.4919972164231037,0.0019644369178662153,-0.3000087093570441
Zyra,low,1825,0.5424657534246575,0.0007959356477561389,-2.119348029878955
Aatrox,mid,2437,0.4965121050471892,0.0046037429665038015,-0.36795628803212244
Ahri,mid,13493,0.5187134069517527,0.009057555606512268,-1.2018610699969405
Akali,mid,2814,0.4601990049751244,0.004365618330305329,1.0546487271244585
Alistar,mid,12407,0.48101877972112517,0.005423950046742984,0.24668324072549452
Amumu,mid,7164,0.5300111669458403,0.004956520205316353,-1.6792105365799583
Anivia,mid,6588,0.5221615057680632,0.012832272061806572,-1.305717139997411
Annie,mid,11867,0.49962079716861885,0.030083079039740356,-0.2778602964562583
Ashe,mid,6209,0.4963762280560477,0.000820207080239183,-0.39411425947492035
Azir,mid,4932,0.4588402270884023,0.004215688003809994,1.1067066810553072
Bard,mid,9733,0.46224185759786296,0.005723810699733653,0.9858098441022664
Blitzcrank,mid,23635,0.5281997038290671,0.03929056497274796,-1.3224002159818944
Brand,mid,20481,0.5349836433767883,0.2665761205087048,0.3030476783412228
Braum,mid,11459,0.5037961427698752,0.0038981884888786974,-0.6595858649733298
Caitlyn,mid,18400,0.47304347826086957,0.012391300513290883,0.6175454086178565
Cassiopeia,mid,1700,0.47705882352941176,0.0007672904944173002,0.3632798321288464
Cho'Gath,mid,6054,0.49074991740997687,0.007787557546787081,-0.11540454685725812
Corki,mid,6176,0.5046955958549223,0.0032631894590161043,-0.7001567871090846
Darius,mid,10012,0.491410307630843,0.18519923094561938,1.3351983345061988
Diana,mid,8203,0.4964037547238815,0.019385109272749723,-0.24068756479975534
Dr. Mundo,mid,11052,0.5457835685848715,0.6952357433898365,3.446883499967879
Draven,mid,6486,0.4862781375269812,0.0020813857089940556,0.012536648253926252
Ekko,mid,10393,0.46896949870104876,0.012320745065528372,0.7767831090063096
Elise,mid,6013,0.47613504074505236,0.013123313283826928,0.5023535617133614
Evelynn,mid,3533,0.5114633455986414,0.006429365177358756,-0.9393095336824749
Ezreal,mid,21982,0.4925393503775817,0.0033425643377489283,-0.2225986800111771
Fiddlesticks,mid,2293,0.4635848233754906,0.0013317340765173831,0.8965713114003914
Fiora,mid,9825,0.5010687022900764,0.20851780643112908,1.1503622342464765
Fizz,mid,15060,0.5086321381142098,0.07753161766002857,-0.23649019451324432
Galio,mid,1252,0.4904153354632588,0.0016315947295080522,-0.15351173897978435
Gangplank,mid,7311,0.5085487621392423,0.047245691707971,-0.48527422145656485
Garen,mid,8466,0.5199622017481691,0.09009930679272574,-0.5763813276846885
Gnar,mid,6967,0.48557485287785274,0.003959924505670894,0.05576112570259795
Gragas,mid,3366,0.44028520499108736,0.0015345809888346004,1.8123188672065909
Graves,mid,10781,0.5209164270475837,0.12096731518882402,-0.35691690580191227
Hecarim,mid,6046,0.4961958319550116,0.005106450531811688,-0.3513648977840404
Heimerdinger,mid,3007,0.5001662786830728,0.0027075653078863352,-0.527092881718707
Illaoi,mid,7075,0.4535689045936396,0.3341506006032491,4.059390737321214
Irelia,mid,9357,0.5025114887250187,0.04779249642813046,-0.24387722514880983
Janna,mid,14406,0.5440094405108983,0.003792355317234932,-2.2380607933023704
Jarvan IV,mid,5965,0.4853310980720872,0.002248954897430018,0.05108422546551472
Jax,mid,14306,0.49888158814483435,0.6307568835658723,4.750253099048704
Jayce,mid,3130,0.470926517571885,0.0009701374067345175,0.605542425349709
Jinx,mid,16030,0.4912039925140362,0.0024870795336284905,-0.17733149318866798
Kalista,mid,8308,0.49819451131439574,0.006279434850863423,-0.4200122304684136
Karma,mid,4524,0.4964633068081344,0.0006702767537438484,-0.398778212857148
Karthus,mid,1763,0.47816222348269993,0.0006614573227735346,0.3191119282966778
Kassadin,mid,6562,0.45900640048765623,0.006447004039299384,1.118757739257561
Katarina,mid,4551,0.47440123049879146,0.004162771417988111,0.49579787932276287
Kayle,mid,4730,0.5257928118393235,0.007769918684846454,-1.4903071531240508
Kennen,mid,3226,0.46683199008059517,0.000820207080239183,0.7649256363889789
Kha'Zix,mid,4156,0.43358999037536095,0.001419928386220521,2.074022344597166
Kindred,mid,9324,0.49335049335049336,0.1666696064769901,1.1048705873261622
Kog'Maw,mid,2610,0.4486590038314176,0.004180410279928739,1.5058291694548058
LeBlanc,mid,11230,0.4607301869991095,0.02449155980456141,1.2013084557905893
Lee Sin,mid,37319,0.4723063318952812,0.0480129822023883,0.9429259473117987
Leona,mid,12594,0.5079402890265206,0.002451801809747235,-0.8342010170536855
Lissandra,mid,3717,0.4794188861985472,0.001199442611962676,0.2742896110147755
Lucian,mid,36895,0.49445724352893344,0.013925881502125483,-0.20975912747955588
Lulu,mid,9672,0.4904880066170389,0.004568465242622546,-0.1319205419744208
Lux,mid,17502,0.5266826648383042,0.008096237630748064,-1.5225008791093813
Malphite,mid,17234,0.5324358825577347,0.08703014481505653,-1.0912751647378771
Malzahar,mid,6513,0.5301704283740212,0.007126100224013546,-1.6674021158209533
Maokai,mid,2092,0.4765774378585086,0.000564443582100083,0.38047671329552646
Master Yi,mid,13962,0.5212004010886693,0.056223872435750444,-0.906885343409724
Miss Fortune,mid,27712,0.5466945727482679,0.08229411038399802,-1.690068656987242
Mordekaiser,mid,614,0.4527687296416938,0.007981585028133984,1.3762372365380626
Morgana,mid,17852,0.5007282097244006,0.01292046637150971,-0.46414083508787046
Nami,mid,8500,0.5309411764705882,0.00048506870336725876,-1.7529091219776878
Nasus,mid,9526,0.5101826579886626,0.013961159226006738,-0.8263838848364609
Nautilus,mid,10018,0.5107805949291275,0.003545411250066146,-0.9365265110395742
Nidalee,mid,6507,0.4407561088059013,0.0033778420616301834,1.8091855593902169
Nocturne,mid,4386,0.5072959416324669,0.0015786781436861693,-0.8161894252384437
Nunu,mid,2045,0.4728606356968215,0.0005291658582188278,0.5259957085421658
Olaf,mid,4232,0.4919659735349716,0.0038540913340271285,-0.19584754065719048
Orianna,mid,6161,0.4523616296055835,0.0005556241511297691,1.3304054052394692
Pantheon,mid,7099,0.5133117340470489,0.004965339636286667,-1.0240073959434257
Poppy,mid,9403,0.4717643305328087,0.06762739668036619,1.1274301778456897
Quinn,mid,8757,0.5236953294507252,0.0747358580424391,-0.8506968395615528
Rammus,mid,7516,0.5415114422565194,0.04316229516871571,-1.8124059603691243
Rek'Sai,mid,3804,0.4776550998948475,0.002107844001904997,0.35104428792204
Renekton,mid,12625,0.4914851485148515,0.016765738274566525,-0.06952714808101434
Rengar,mid,15397,0.49256348639345326,0.16597287143033532,1.1299468037144418
Riven,mid,13286,0.46725876862863164,0.03102675815356393,0.9995771562109292
Rumble,mid,2264,0.4584805653710247,0.0006085407369516519,1.0907959277201267
Ryze,mid,5871,0.4583546244251405,0.011632829449843896,1.1874864268456267
Sejuani,mid,2634,0.5167046317388003,0.0009613179757642036,-1.1904365151862517
Shaco,mid,7755,0.5188910380399742,0.010680330905050005,-1.1953240908348397
Shen,mid,10409,0.509270823325968,0.0066586703825869155,-0.8513870473861035
Shyvana,mid,4996,0.5094075260208166,0.00343957807842238,-0.8835409119165182
Singed,mid,2702,0.5151739452257587,0.0010406928544970278,-1.1297260778677896
Sion,mid,2650,0.5173584905660378,0.0007408322015063588,-1.2179228222763934
Sivir,mid,6053,0.48306624814141746,0.000388054962693807,0.12444842021741853
Skarner,mid,1477,0.5308056872037915,0.0017021501772705625,-1.7374646161637983
Sona,mid,9373,0.5347274085138163,0.0036512444217099115,-1.8750949673243569
Soraka,mid,11836,0.5173200405542413,0.6312595911311802,4.031084267274015
Swain,mid,3050,0.5150819672131147,0.0021695800186971935,-1.1167225452082834
Syndra,mid,3737,0.4704308268664704,0.0010495122854673417,0.6256492961084781
Tahm Kench,mid,10280,0.4932879377431907,0.5497945072583917,4.295885499262554
Talon,mid,6254,0.5350175887432044,0.0076552660822323745,-1.8531554183904027
Taric,mid,3899,0.5185945114131829,0.0014904838339830314,-1.260173750210147
Teemo,mid,5356,0.48861090365944737,0.0048947841885241565,-0.05556476512843467
Thresh,mid,31500,0.4740634920634921,0.006305893143774364,0.526883732344566
Tristana,mid,23198,0.4896973877058367,0.006270615419893108,-0.08673788000590638
Trundle,mid,10214,0.5386724104170746,0.04900957790203376,-1.6523648042624708
Tryndamere,mid,8185,0.5091020158827123,0.1783729913745965,0.5843295316280477
Twisted Fate,mid,11442,0.5186156266386995,0.008290265112094967,-1.204410866781769
Twitch,mid,4856,0.496499176276771,0.0008466653731501243,-0.3987173996666551
Udyr,mid,7874,0.531242062484125,0.006200059972130598,-1.717150006342534
Urgot,mid,616,0.4448051948051948,0.0015786781436861693,1.635363691660974
Varus,mid,3427,0.4905164867230814,0.0003704161007531794,-0.1679761411974936
Vayne,mid,34042,0.49550555196521945,0.07376572063570458,0.247132701788177
Veigar,mid,4083,0.46265001224589763,0.03761487308838834,1.2352113540264695
Vel'Koz,mid,5308,0.5226073850791259,0.0008995819589720072,-1.422519211351103
Vi,mid,8364,0.49390243902439024,0.00808741819977775,-0.2365844508673785
Viktor,mid,5802,0.48879696656325405,0.003016245391847318,-0.0784982931766049
Vladimir,mid,8081,0.47989110258631357,0.004965339636286667,0.2871059670121849
Volibear,mid,7406,0.5295706184174993,0.008069779337837122,-1.6360173976996197
Warwick,mid,4831,0.5106603187745808,0.0020020108302612315,-0.9446529637680041
Wukong,mid,8652,0.5186084142394822,0.0048947841885241565,-1.23238684352314
Xerath,mid,2645,0.49792060491493384,0.0007055544776251036,-0.45565537727853683
Xin Zhao,mid,10208,0.5051920062695925,0.03295821353606265,-0.47249415976974535
Yasuo,mid,16208,0.47859081934846986,0.3112818160972254,2.8874388695694218
Yorick,mid,817,0.47980416156670747,0.0014552061101017763,0.2613035990793661
Zac,mid,5053,0.4963388086285375,0.0037658970243239906,-0.368130736723657
Zed,mid,18744,0.5027208706786171,0.05670012170814739,-0.17795761657852224
Ziggs,mid,2263,0.4701723376049492,0.0006526378918032209,0.632487008817521
Zilean,mid,3527,0.5072299404593139,0.0031397174254317113,-0.80060839076929
Zyra,mid,4128,0.5198643410852714,0.0011024288712892245,-1.3132195950969878
Aatrox,high,528,0.48484848484848486,0.006071703932151118,0.11643890980322191
Ahri,high,5803,0.5293813544718249,0.008794333076329992,-1.5555395075362384
Akali,high,666,0.4744744744744745,0.005276599845797996,0.504670278419119
Alistar,high,4904,0.508768352365416,0.0060957979953739395,-0.7928846275809298
Amumu,high,1322,0.4962178517397882,0.0015179259830377795,-0.35150068801229717
Anivia,high,2852,0.5255960729312763,0.013516769468003084,-1.3746518429956367
Annie,high,2579,0.4955409073284219,0.009734001542020046,-0.2614602638432806
Ashe,high,1352,0.4992603550295858,0.00028912875867386276,-0.47680350903332597
Azir,high,1834,0.44711014176663033,0.0029153816499614496,1.5266728862301662
Bard,high,5535,0.46070460704607047,0.006240362374710871,1.035788578087439
Blitzcrank,high,8535,0.5265377855887522,0.01982941403238242,-1.3610547480556923
Brand,high,7009,0.5238978456270509,0.15321414803392444,-0.2167780076565471
Braum,high,3827,0.4854977789391168,0.003011757902852737,0.06780281728788906
Caitlyn,high,5770,0.4599653379549393,0.006216268311488049,1.0637094571609864
Cassiopeia,high,682,0.46480938416422285,0.000698727833461835,0.8363414195701433
Cho'Gath,high,1014,0.47830374753451677,0.0007710100231303007,0.3238069992477127
Corki,high,3011,0.5097974094985055,0.002578064764841943,-0.8595433018889401
Darius,high,3245,0.4927580893682589,0.04021299151888975,0.08288674734265107
Diana,high,2346,0.479539641943734,0.009324402467232073,0.34375490903431727
Dr. Mundo,high,4285,0.5313885647607934,0.7045104086353122,3.8129629546938584
Draven,high,2874,0.5295755045233125,0.003324980724749422,-1.6057260560142042
Ekko,high,3886,0.45316520844055586,0.0063849267540478025,1.323592723183291
Elise,high,3801,0.47855827413838464,0.027033538936006168,0.5196652432294799
Evelynn,high,2227,0.5065110013471037,0.013709521973785659,-0.6474660744599299
Ezreal,high,9522,0.48571728628439403,0.003710485736314572,0.06492481931163152
Fiddlesticks,high,603,0.4660033167495854,0.0008914803392444102,0.7924526949199264
Fiora,high,4709,0.48375451263537905,0.16082787201233617,1.3691902936047189
Fizz,high,4824,0.5084991708126037,0.03125,-0.5857872796001029
Galio,high,356,0.47752808988764045,0.001373361603700848,0.3580141889455796
Gangplank,high,4376,0.5182815356489945,0.14321511179645335,-0.08148201636089636
Garen,high,899,0.5105672969966629,0.00496337702390131,-0.8701489936199328
Gnar,high,2316,0.4805699481865285,0.001373361603700848,0.24235272319756745
Gragas,high,1445,0.44359861591695504,0.000939668465690054,1.6447303032411478
Graves,high,4006,0.5139790314528208,0.07507710100231303,-0.4511493285721364
Hecarim,high,3134,0.5194639438417358,0.006119892058596762,-1.1993776580763982
Heimerdinger,high,743,0.49663526244952894,0.00240940632228219,-0.36039510091969235
Illaoi,high,1827,0.41105637657361793,0.17925983037779492,4.277665194168698
Irelia,high,4451,0.49853965401033473,0.10991711642251349,0.40857205748897907
Janna,high,9827,0.5493029408771751,0.00963762528912876,-2.306424015073169
Jarvan IV,high,1783,0.46943353897924844,0.0013492675404780262,0.6656070949130425
Jax,high,4275,0.48023391812865496,0.4580763299922899,3.829385063453058
Jayce,high,1592,0.47361809045226133,0.0013010794140323825,0.5061195425426259
Jinx,high,3712,0.4892241379310345,0.0008191981495759444,-0.09104506088356867
Kalista,high,4297,0.4970909937165464,0.007035466461063994,-0.3415189651608783
Karma,high,1772,0.5016930022573364,0.000698727833461835,-0.5660951542501671
Karthus,high,620,0.482258064516129,0.0007469159599074788,0.17326228543470001
Kassadin,high,3088,0.4744170984455959,0.007830570547417117,0.5268398263222237
Katarina,high,1190,0.47394957983193275,0.0023612181958365458,0.5018120985818436
Kayle,high,1868,0.5165952890792291,0.009083461835003855,-1.0671084283224619
Kennen,high,1458,0.5013717421124828,0.0019034309946029298,-0.5444515207253253
Kha'Zix,high,1571,0.46021642266072565,0.0029876638396299153,1.0288946391471845
Kindred,high,4128,0.5198643410852714,0.4845075173477255,2.529362067213377
Kog'Maw,high,621,0.4669887278582931,0.0012528912875867386,0.7578126003660841
LeBlanc,high,4097,0.4537466438857701,0.007155936777178103,1.3075187233657086
Lee Sin,high,16609,0.48840989824793785,0.053055127216653813,0.3487245951507214
Leona,high,2503,0.5105872952457051,0.0004095990747879722,-0.9065482356738733
Lissandra,high,2281,0.48531345900920647,0.0013492675404780262,0.0618002616698321
Lucian,high,18135,0.4870140612076096,0.01233616037008481,0.08312354746621942
Lulu,high,5423,0.515950580859303,0.025684271395528143,-0.9126730038514836
Lux,high,3800,0.5171052631578947,0.0021925597532767927,-1.1404289989887075
Malphite,high,6319,0.5284063934166798,0.23819390902081727,0.2768619976241957
Malzahar,high,1274,0.5400313971742543,0.0019516191210485736,-2.0140417358614364
Maokai,high,730,0.4849315068493151,0.00045778720123361606,0.06934642378909206
Master Yi,high,2933,0.4933515172178657,0.017106784888203545,-0.12051146120759829
Miss Fortune,high,9050,0.5358011049723757,0.034719545104086355,-1.596743285142704
Morgana,high,5563,0.4982922883336329,0.006119892058596762,-0.39436162255814233
Nami,high,3860,0.5147668393782383,0.00036141094834232844,-1.0658453924760305
Nasus,high,1888,0.4968220338983051,0.0029635697764070932,-0.36315976418533413
Nautilus,high,2703,0.510173880873104,0.0009878565921356977,-0.8863032930063377
Nidalee,high,5160,0.5017441860465116,0.053103315343099464,-0.1579117903020856
Nocturne,high,1414,0.4872701555869873,0.001373361603700848,-0.012411217988000267
Nunu,high,1113,0.5292003593890386,0.0017347725520431765,-1.6039071132843685
Olaf,high,1323,0.4852607709750567,0.0017588666152659985,0.06700924436576755
Orianna,high,2821,0.4643743353420773,0.0005541634541249036,0.8517520160520979
Pantheon,high,2603,0.5167114867460623,0.0053488820354664615,-1.1007542685142042
Poppy,high,3251,0.46908643494309443,0.05987374710871241,1.1368302607400445
Quinn,high,3042,0.5203813280736358,0.12608423284502698,-0.29539296888558797
Rammus,high,3098,0.5384118786313751,0.11174826522744796,-1.0931702112123305
Rek'Sai,high,4113,0.5224896669097983,0.010023130300693909,-1.2838780296958072
Renekton,high,5046,0.46789536266349585,0.010721858134155745,0.7974455257780236
Rengar,high,5452,0.5271460014673515,0.3481592135697764,1.18539830414998
Riven,high,5142,0.46927265655387007,0.027756360832690823,0.8783919494697519
Rumble,high,951,0.4405888538380652,0.000698727833461835,1.7572857119921914
Ryze,high,2796,0.49856938483547925,0.029491133384734,-0.221989397088534
Sejuani,high,494,0.4898785425101215,0.00026503469545104087,-0.12026467919025019
Shaco,high,1965,0.5155216284987277,0.006312644564379337,-1.0479693289296985
Shen,high,4593,0.5099063792728065,0.006143986121819584,-0.8357790261584517
Shyvana,high,1224,0.49019607843137253,0.0010360447185813416,-0.1263043503992512
Singed,high,1006,0.5248508946322068,0.001614302235929067,-1.4394689721402538
Sion,high,893,0.5363941769316909,0.0005541634541249036,-1.88667943693156
Sivir,high,1597,0.48904195366311837,0.00021684656900539706,-0.08883194794594707
Skarner,high,412,0.49271844660194175,0.0006264456437933693,-0.22541870160345842
Sona,high,2714,0.5125276344878408,0.0027226291441788744,-0.9622240515348699
Soraka,high,3542,0.5225861095426313,0.7598062837316885,4.58041865490724
Swain,high,738,0.5,0.0010119506553585196,-0.49927028640653937
Syndra,high,1855,0.4733153638814016,0.001156515034695451,0.5164988114507774
Tahm Kench,high,3572,0.46808510638297873,0.6203016576715498,5.560933081527215
Talon,high,2289,0.5425950196592398,0.006625867386276021,-2.0749374323788445
Taric,high,1081,0.517113783533765,0.0014938319198149576,-1.1462213655947666
Teemo,high,1306,0.5076569678407351,0.00457787201233616,-0.7625057437491094
Thresh,high,12101,0.4858276175522684,0.004023708558211257,0.06318101029261625
Tristana,high,7916,0.5044214249621021,0.00240940632228219,-0.6564506302274309
Trundle,high,4293,0.5269042627533194,0.05079028527370856,-1.132682998282214
Tryndamere,high,1943,0.5198147195059187,0.13870952197378567,-0.17504042573679113
Twisted Fate,high,6758,0.534181710565256,0.04392347725520432,-1.4631366322298467
Twitch,high,1970,0.5121827411167512,0.0010842328450269853,-0.9619325110359898
Udyr,high,1563,0.5201535508637236,0.0025057825751734772,-1.2538835829776969
Varus,high,959,0.5224191866527633,0.00033731688511950655,-1.357001391244426
Vayne,high,11856,0.5036268556005398,0.04741711642251349,-0.2739984963067866
Veigar,high,697,0.4519368723098996,0.014384155744024673,1.432901787845204
Vel'Koz,high,1928,0.5280082987551867,0.0007469159599074788,-1.566312221483869
Vi,high,2286,0.48031496062992124,0.002578064764841943,0.2614764547604126
Viktor,high,2866,0.47801814375436147,0.0013492675404780262,0.3391921624620736
Vladimir,high,2680,0.4623134328358209,0.0020720894371626833,0.9419939277076079
Volibear,high,1258,0.5302066772655007,0.00139745566692367,-1.6448105458373716
Warwick,high,651,0.445468509984639,0.0005782575173477255,1.5708022958620145
Wukong,high,3140,0.5210191082802548,0.00648130300693909,-1.255681649750259
Xerath,high,1211,0.48637489677952106,0.0005782575173477255,0.015406813803978958
Xin Zhao,high,2083,0.5103216514642342,0.01676946800308404,-0.7684117420195923
Yasuo,high,4791,0.45689835107493215,0.22087027756360833,2.8602547035921018
Yorick,high,208,0.5240384615384616,0.0009878565921356977,-1.413480289490036
Zac,high,2725,0.49137614678899083,0.009613531225905936,-0.10404518505622082
Zed,high,6059,0.508334708697805,0.023804934464148032,-0.6378005681072233
Ziggs,high,674,0.4495548961424332,0.0005059753276792598,1.4148587466121372
Zilean,high,2265,0.5183222958057395,0.005951233616037008,-1.1572883987981784
Zyra,high,1218,0.4720853858784893,0.0009637625289128759,0.5617581015309578
