champion,bucket,picks,win_rate,ban_rate,perceived_minus_actual
Aatrox,low,1808,0.49668141592920356,0.004835544391239501,-0.4344443043915937
Ahri,low,6898,0.514786894752102,0.01073867650522019,-1.0461913532577363
Akali,low,2485,0.47525150905432595,0.006955020017269801,0.3716651453547762
Alistar,low,5698,0.49017199017199015,0.004144752335348143,-0.2016079041133581
Amumu,low,5365,0.5496738117427773,0.010927074338645105,-2.3257204725373684
Anivia,low,2879,0.5234456408475165,0.006860821100557343,-1.399118872264234
Annie,low,7623,0.5064935064935064,0.05149540780281027,-0.37445502887800675
Ashe,low,6050,0.47983471074380163,0.001193186278357799,0.15144051044245543
Azir,low,2848,0.46594101123595505,0.005542036266582934,0.7008653338428559
Bard,low,3469,0.44018449120784087,0.004961142946856111,1.6415436712455298
Blitzcrank,low,14301,0.5196140130060835,0.09212654054478374,-0.49027808974060566
Brand,low,9837,0.562061604147606,0.19372007221916948,-1.1339567757405646
Braum,low,6442,0.49130704750077614,0.004427349085485517,-0.24074722630309384
Caitlyn,low,10242,0.4656317125561414,0.013517544548237696,0.7840724380085236
Cassiopeia,low,1117,0.4789615040286482,0.0012402857367140277,0.18393343410580398
Cho'Gath,low,5297,0.5017934680007552,0.035983986184158885,-0.34158155134044443
Corki,low,2588,0.5112055641421948,0.003234162807127718,-0.9822716217979499
Darius,low,5409,0.46736919948234423,0.4460475704529398,4.616748029617851
Diana,low,5022,0.5033851055356432,0.026940890179762932,-0.48150016616649327
Dr. Mundo,low,6695,0.5415982076176251,0.626532694874009,3.5165947895016165
Draven,low,3626,0.5091009376723662,0.004866944030143653,-0.8902699016773411
Ekko,low,6357,0.4925279219757747,0.01741109977235262,-0.168618724586733
Elise,low,2522,0.45519429024583663,0.00810110683727137,1.1185935978184463
Evelynn,low,1834,0.49727371864776443,0.0043959494465813645,-0.46015682454684775
Ezreal,low,9024,0.47462322695035464,0.002653269487400895,0.3559861825987258
Fiddlesticks,low,1422,0.4669479606188467,0.0013658842923306381,0.6262637592885245
Fiora,low,4581,0.5042567125081859,0.21714420284166733,1.1999533336502126
Fizz,low,8071,0.5037789617147813,0.0983750686867101,0.14755653545698783
Galio,low,858,0.5209790209790209,0.0017897794175366984,-1.3542148819161912
Gangplank,low,2854,0.5073580939032937,0.025606405526336445,-0.6394304757638052
Garen,low,7237,0.5203813734973055,0.38908862548080697,2.1567497219800025
Gnar,low,4408,0.5034029038112523,0.008854698170971034,-0.6450848711755819
Gragas,low,1638,0.43345543345543347,0.0024334720150718265,1.8658983976657895
Graves,low,6534,0.5413223140495868,0.15241384724075674,-0.7444145786859474
Hecarim,low,3401,0.5036753895912967,0.0058246330167203075,-0.6823885550362978
Heimerdinger,low,2914,0.5003431708991077,0.017159902661119397,-0.45789763403481554
Illaoi,low,4821,0.4741754822650902,0.4290603658057932,4.2137557209461365
Irelia,low,3887,0.5140210959608953,0.02091215951016563,-0.9264185765559483
Janna,low,4048,0.5212450592885376,0.0018054792369887745,-1.3638437383450825
Jarvan IV,low,2748,0.49745269286754,0.003187063348771489,-0.47762003216903054
Jax,low,8954,0.5058074603529149,0.6149776277572808,4.7269195407043165
Jayce,low,1530,0.4777777777777778,0.0013815841117827145,0.22867882519138544
Jinx,low,13256,0.5027157513578757,0.007677211712065311,-0.6304566037606133
Kalista,low,3705,0.48690958164642373,0.005965931391788994,-0.06538929702633267
Karma,low,2417,0.47455523376086056,0.0006436925975351283,0.3403797896078953
Karthus,low,962,0.49272349272349275,0.0009105895282204255,-0.3244473910083481
Kassadin,low,2918,0.4732693625771076,0.005400737891514248,0.43045783048199565
Katarina,low,3233,0.49768017321373337,0.014098437867964518,-0.3876781929672966
Kayle,low,2911,0.5104774991411886,0.006170029044665987,-0.9290853342845844
Kennen,low,1726,0.4675550405561993,0.0009733888060287307,0.6004328435938426
Kha'Zix,low,2058,0.446064139941691,0.001193186278357799,1.3916688771817798
Kindred,low,4986,0.4600882470918572,0.07047648952037051,1.5007765851179462
Kog'Maw,low,1911,0.4547357404500262,0.005965931391788994,1.11619897853354
LeBlanc,low,5812,0.45629731589814176,0.042577910354030926,1.3886721803705875
Lee Sin,low,14410,0.46530187369882026,0.03177643457100243,0.9606726371051257
Leona,low,10559,0.5184203049531205,0.009937985713164298,-1.1868418836795724
Lissandra,low,1530,0.4895424836601307,0.0012088860978098752,-0.2049372108253224
Lucian,low,14250,0.5083508771929824,0.010267681921657902,-0.8140708131050219
Lulu,low,3821,0.47683852394661086,0.002354972917811445,0.27194189686994075
Lux,low,12620,0.5229001584786054,0.015637020174267997,-1.3000247992112
Malphite,low,9157,0.5181828109642896,0.04119632624224821,-0.896526361037239
Malzahar,low,4978,0.5393732422659703,0.016076615118926132,-1.9010406976557523
Maokai,low,1331,0.47032306536438767,0.000941989167124578,0.49849392559984596
Master Yi,low,9893,0.5109673506519762,0.09033676112724703,-0.18885173744156597
Miss Fortune,low,16740,0.5516726403823178,0.09237773765601695,-1.6653721921779925
Mordekaiser,low,692,0.4508670520231214,0.01945207630112254,1.3797681666861257
Morgana,low,11035,0.5069324875396466,0.018384488578381347,-0.6888593075950803
Nami,low,3323,0.5218176346674691,0.0006122929586309758,-1.3956205637403398
Nasus,low,7027,0.5224135477444144,0.0383546589214224,-1.0775001012166459
Nautilus,low,6575,0.5224334600760456,0.005447837349870477,-1.374675398078378
Nidalee,low,2912,0.4182692307692308,0.0020252767093178426,2.4199362957998014
Nocturne,low,2053,0.5187530443253775,0.0010675877227411886,-1.2789715432883202
Nunu,low,1436,0.46866295264623953,0.000470994583562289,0.5552187729960061
Olaf,low,3248,0.47814039408866993,0.00772431117042154,0.27250071454141417
Orianna,low,2691,0.4693422519509476,0.0007378915142475862,0.532675787089363
Pantheon,low,4400,0.4888636363636364,0.006672423267132428,-0.1307877023031615
Poppy,low,5182,0.4642994982632188,0.051668105816783105,1.176680878897501
Quinn,low,4955,0.5109989909182644,0.039029751157861683,-0.6522174695502648
Rammus,low,3793,0.5172686527814395,0.022309443441400425,-1.0330979443247321
Rek'Sai,low,1743,0.46930579460699945,0.001931077792605385,0.5447636117033432
Renekton,low,5640,0.5037234042553191,0.020598163121124106,-0.5510632462319053
Rengar,low,7112,0.4760967379077615,0.06429076065625246,0.857138104896192
Riven,low,6792,0.4637809187279152,0.03698877462909177,1.063485722150705
Rumble,low,1170,0.4675213675213675,0.000627992778083052,0.5985579592584269
Ryze,low,2436,0.409688013136289,0.004474448543841746,2.7571461501204184
Sejuani,low,1867,0.5061596143545796,0.0021194756260303005,-0.8070002532673135
Shaco,low,4336,0.49169741697416974,0.014035638590156213,-0.16852646699693996
Shen,low,5276,0.510235026535254,0.005965931391788994,-0.9220191297721276
Shyvana,low,3655,0.5097127222982216,0.006217128503022216,-0.9005745110149678
Singed,low,1443,0.5183645183645184,0.0016955805008242405,-1.2590455510720961
Sion,low,1686,0.5195729537366548,0.0009262893476725017,-1.3103557161876642
Sivir,low,3852,0.4657320872274143,0.0008006907920558913,0.6658252634894881
Skarner,low,1015,0.5182266009852217,0.002606170029044666,-1.245777392010038
Sona,low,5846,0.5292507697570988,0.00313996389041526,-1.6458326169768482
Soraka,low,7414,0.4979768006474238,0.2774629091765445,1.9739702727983326
Swain,low,2019,0.516097077761268,0.0038778554046628466,-1.1561142994261473
Syndra,low,1798,0.4694104560622914,0.001460083209043096,0.5366769104995435
Tahm Kench,low,6617,0.5070273537857035,0.3111704215401523,1.9452447033956604
Talon,low,3009,0.5041542040545032,0.0068451212811052676,-0.6907799162631669
Taric,low,2469,0.5342243823410288,0.001412983750686867,-1.8440468043213087
Teemo,low,5051,0.48445852306473963,0.012230159353167439,0.08105798279252191
Thresh,low,15029,0.4754141992148513,0.007645812073161159,0.37191339056067396
Tristana,low,13659,0.48912804744124755,0.010377580657822435,-0.10711999343166737
Trundle,low,4908,0.5336185819070904,0.030237852264698956,-1.5621273301622944
Tryndamere,low,6842,0.519584916691026,0.1820394065468247,0.3207784857265912
Twisted Fate,low,4338,0.49538958045182113,0.002700368945757124,-0.4062364045204218
Twitch,low,2838,0.485553206483439,0.0008163906115079677,-0.06196634612055907
Udyr,low,5813,0.5238259074488216,0.011398068922207395,-1.37221001147298
Urgot,low,508,0.4625984251968504,0.0019153779731533088,0.7909511451346742
Varus,low,2917,0.478573877271169,0.00048669440301436534,0.19138028024070441
Vayne,low,17256,0.48962679647658786,0.07217207002119476,0.43124451248469386
Veigar,low,3599,0.46457349263684355,0.0629405761833739,1.2681674486146939
Vel'Koz,low,2608,0.5279907975460123,0.0010204882643849596,-1.6186534662670102
Vi,low,5151,0.49776742380120365,0.0168930057304341,-0.3657073696458404
Viktor,low,2425,0.4936082474226804,0.0026846691263050474,-0.340958163120796
Vladimir,low,4123,0.49041959738054813,0.005447837349870477,-0.19896235264260695
Volibear,low,6686,0.5367932994316482,0.023031635136195935,-1.7436370664417529
Warwick,low,4446,0.5107962213225371,0.004254651071512678,-0.9580452975616692
Wukong,low,4891,0.5256593743610714,0.006688123086584504,-1.4819742731960726
Xerath,low,1356,0.5051622418879056,0.0007535913336996625,-0.7826763162582508
Xin Zhao,low,7952,0.4954728370221328,0.03632938221210456,-0.10634407048418941
Yasuo,low,10168,0.4816089693154996,0.37525708454352774,3.4560683743727516
Yorick,low,709,0.45698166431593795,0.0019467776120574614,0.9975102458152234
Zac,low,1993,0.4922227797290517,0.0016484810424680116,-0.29941128369437303
Zed,low,9579,0.48501931308069735,0.06527984928173326,0.5383657265334341
Ziggs,low,1525,0.49311475409836064,0.0005965931391788995,-0.3416451773844776
Zilean,low,1560,0.4891025641025641,0.0018996781537012324,-0.18255804959701277
Zyra,low,1977,0.5386949924127465,0.000784990972603815,-2.0138878376355747
Aatrox,mid,2473,0.49737161342498987,0.004558651471161763,-0.4012049847527525
Ahri,mid,13737,0.5185994030719954,0.009065303115656282,-1.2012182697808498
Akali,mid,2866,0.46022330774598746,0.0044113186289379035,1.0632962977458766
Alistar,mid,12639,0.48112983622122,0.005407981973393422,0.24671034608833098
Amumu,mid,7307,0.5296291227589982,0.004948650171166096,-1.670712178701364
Anivia,mid,6708,0.5216159809183065,0.012783290722364258,-1.2892591746628006
Annie,mid,12104,0.49909120951751484,0.03014256619144603,-0.25586532247119564
Ashe,mid,6378,0.49686422075885855,0.000823330588898037,-0.41231129457242005
Azir,mid,5024,0.4578025477707006,0.004307318975603415,1.1579435389922352
Bard,mid,9867,0.46305868044998477,0.005685314382285392,0.9620395007491824
Blitzcrank,mid,24055,0.5277073373519019,0.039667201109329635,-1.305579590366921
Brand,mid,20802,0.5349966349389482,0.2659531134896217,0.2924315330330536
Braum,mid,11660,0.5042881646655232,0.003908653637821207,-0.6795218134592693
Caitlyn,mid,18727,0.47311368612164256,0.012367292109026304,0.6209880003690682
Cassiopeia,mid,1735,0.47665706051873197,0.0007539974866750444,0.38440763511915516
Cho'Gath,mid,6178,0.49061184849465844,0.007947306842310526,-0.10625337014004557
Corki,mid,6268,0.5043075941289088,0.003267322442258526,-0.6856325763083653
Darius,mid,10161,0.4906013187678378,0.18644537851540494,1.3815693347409064
Diana,mid,8354,0.4965286090495571,0.01931793560688131,-0.24495558714570043
Dr. Mundo,mid,11247,0.5456566195429893,0.6947870173766088,3.4452612439990915
Draven,mid,6610,0.4854765506807867,0.002114659617801274,0.04776280531649102
Ekko,mid,10566,0.4696195343554798,0.012332625557914806,0.7585648914840376
Elise,mid,6120,0.4766339869281046,0.013138622871257095,0.4885179208207154
Evelynn,mid,3591,0.5098858256752994,0.006430645231182563,-0.8793684335002685
Ezreal,mid,22364,0.4926667859059202,0.003371322095593015,-0.2254645220271458
Fiddlesticks,mid,2325,0.46236559139784944,0.0013259955800147332,0.9530603401708098
Fiora,mid,9991,0.501251126013412,0.20873597088009707,1.1471143390097391
Fizz,mid,15318,0.509009009009009,0.07773974086753044,-0.2505607995282551
Galio,mid,1274,0.4921507064364207,0.0016379945400182,-0.21954566645458679
Gangplank,mid,7418,0.5074143974117012,0.04737184209385969,-0.4406963468032589
Garen,mid,8637,0.5183512793794142,0.0914243619187936,-0.505138158921902
Gnar,mid,7078,0.48431760384289346,0.0039779867400442,0.10901730707086804
Gragas,mid,3429,0.4409448818897638,0.0015426615244615851,1.8000444501374162
Graves,mid,10984,0.5211216314639475,0.12099493001689994,-0.36803688035241755
Hecarim,mid,6144,0.4964192708333333,0.005208649304502318,-0.3582128465398986
Heimerdinger,mid,3075,0.4995121951219512,0.0027559908133639554,-0.5006854875570392
Illaoi,mid,7191,0.4540397719371437,0.334272219092603,4.055973911778382
Irelia,mid,9497,0.502158576392545,0.04755384148719504,-0.2318053190220453
Janna,mid,14640,0.5433743169398907,0.00378732070893097,-2.2227218212114113
Jarvan IV,mid,6104,0.4842726081258191,0.0022966590111366298,0.09678232261949499
Jax,mid,14562,0.49855789039967036,0.6301598994670018,4.765064053160222
Jayce,mid,3195,0.4726134585289515,0.0009966633444555184,0.5459746990351237
Jinx,mid,16323,0.4909636708938308,0.0024873250422498593,-0.165632428841148
Kalista,mid,8449,0.4991123209847319,0.006309312302292326,-0.4552985092048041
Karma,mid,4598,0.4980426272292301,0.0006846643844520519,-0.4599621650891749
Karthus,mid,1796,0.47939866369710465,0.0006499978333405556,0.27536791924009374
Kassadin,mid,6657,0.459215863001352,0.006482645057849807,1.1203063488991072
Katarina,mid,4634,0.4738886491152352,0.00425531914893617,0.5228146574061288
Kayle,mid,4812,0.5268079800498753,0.007756640811197296,-1.536002042934527
Kennen,mid,3282,0.4692260816575259,0.0008059973133422889,0.6780387356110996
Kha'Zix,mid,4230,0.4347517730496454,0.001421328595571348,2.043389604509147
Kindred,mid,9480,0.4932489451476793,0.1665381115396282,1.1112188615926595
Kog'Maw,mid,2652,0.4490950226244344,0.004194652684491052,1.5005700898803576
LeBlanc,mid,11419,0.46098607583851475,0.02467391775360749,1.2020466953847633
Lee Sin,mid,37933,0.4722009859489099,0.0480045066516445,0.953961109168352
Leona,mid,12883,0.5074904913451835,0.002513324955583481,-0.8175004237701369
Lissandra,mid,3774,0.47668256491785904,0.0011959960133466222,0.38708446096923055
Lucian,mid,37469,0.4943553337425605,0.013970620097933007,-0.20376518334945087
Lulu,mid,9831,0.4894720781202319,0.004575984746717511,-0.08937532559008793
Lux,mid,17840,0.5262331838565022,0.008146639511201629,-1.510072978482035
Malphite,mid,17522,0.5327017463759844,0.08696971010096632,-1.1084724724012593
Malzahar,mid,6628,0.5289680144840072,0.0071586428045239845,-1.6262117379208672
Maokai,mid,2140,0.4766355140186916,0.0005719980933396888,0.38374119356366604
Master Yi,mid,14236,0.5212840685585839,0.05628981236729211,-0.9136275366335366
Miss Fortune,mid,28195,0.5469054796949814,0.08240239199202669,-1.70695607774916
Mordekaiser,mid,627,0.45454545454545453,0.008085973046756512,1.3179430471105924
Morgana,mid,18176,0.5012654049295775,0.01295662347792174,-0.48485950095215047
Nami,mid,8615,0.5313987231572838,0.0004939983533388222,-1.777653975976416
Nasus,mid,9704,0.5106141797197032,0.014100619664601117,-0.8441933190564641
Nautilus,mid,10187,0.5118288014135663,0.0036053213155956146,-0.9795739210873566
Nidalee,mid,6630,0.44177978883861235,0.0034579884733717554,1.783062474234773
Nocturne,mid,4464,0.5073924731182796,0.0016033279889067036,-0.8212159193384363
Nunu,mid,2086,0.4726749760306807,0.0005286649044503185,0.5396476695378685
Olaf,mid,4308,0.49280408542246984,0.0038739870867097108,-0.22669317290723157
Orianna,mid,6258,0.45477788430808563,0.0005546648177839407,1.2460145981038724
Pantheon,mid,7234,0.5147912634780205,0.0049919833600554665,-1.0849063371605219
Poppy,mid,9573,0.47216128695288834,0.06747844173852754,1.117801904372115
Quinn,mid,8917,0.5222608500616799,0.07460241799194002,-0.7995703915426142
Rammus,mid,7633,0.5417267129568977,0.04297785674047753,-1.8311427541824146
Rek'Sai,mid,3877,0.47536755223110655,0.0021059929800233998,0.4465527113437851
Renekton,mid,12838,0.49182115594329334,0.01674394418685271,-0.08066645015218074
Rengar,mid,15624,0.4927035330261137,0.16547211509294968,1.123855876452283
Riven,mid,13554,0.46753725837391175,0.031113229622567923,0.9972204429227498
Rumble,mid,2301,0.4611038678835289,0.0006239979200069333,0.9969934091544239
Ryze,mid,5979,0.45960863020572,0.011604627984573384,1.1474902590214449
Sejuani,mid,2673,0.5173961840628507,0.0009793300688997703,-1.2211235189708296
Shaco,mid,7884,0.5192795535261289,0.010685964380118733,-1.2145495715218446
Shen,mid,10564,0.5083301779628928,0.006707977640074533,-0.8156775851252644
Shyvana,mid,5076,0.5102442868400315,0.003423321922260259,-0.9185716652850122
Singed,mid,2741,0.5155052900401313,0.001039996533344889,-1.146010599497218
Sion,mid,2705,0.5157116451016636,0.0007713307622307926,-1.156391341044986
Sivir,mid,6173,0.4830714401425563,0.00038133206222645924,0.12821554757085318
Skarner,mid,1494,0.5314591700133868,0.0017246609177969407,-1.7697839833485838
Sona,mid,9530,0.5351521511017838,0.003639987866707111,-1.8995345513466497
Soraka,mid,12081,0.5164307590431255,0.6294839017203276,4.0542365046021756
Swain,mid,3101,0.5162850693324734,0.002192659357802141,-1.167172657212742
Syndra,mid,3799,0.47196630692287445,0.001039996533344889,0.5718698989335145
Tahm Kench,mid,10469,0.4938389530996275,0.5484161719460935,4.270092525060017
Talon,mid,6358,0.5346020761245674,0.007669974433418555,-1.8442492224480542
Taric,mid,3991,0.5184164369832123,0.0014993283355722148,-1.2570456722308185
Teemo,mid,5484,0.4885120350109409,0.004939983533388222,-0.04846255714002429
Thresh,mid,32021,0.47418881359108084,0.006291979026736578,0.5279426144962495
Tristana,mid,23610,0.4895806861499365,0.006335312215625948,-0.07900027354582678
Trundle,mid,10386,0.5396687849027537,0.04885383715387615,-1.7009808643466144
Tryndamere,mid,8368,0.5087237093690249,0.17805607314642286,0.5966223616027313
Twisted Fate,mid,11624,0.5189263592567103,0.008311305628981237,-1.2204016893685994
Twitch,mid,4945,0.49464105156723964,0.0008579971400095333,-0.3243047321145028
Udyr,mid,8009,0.5325259083531028,0.0061966460111799624,-1.774608746464171
Urgot,mid,630,0.44285714285714284,0.0016033279889067036,1.72509952897648
Varus,mid,3504,0.4908675799086758,0.00037266542444858516,-0.17946230380883715
Vayne,mid,34607,0.4961423989366313,0.07378775404081986,0.22417452740223417
Veigar,mid,4184,0.4608030592734226,0.03789920700264333,1.319472885555298
Vel'Koz,mid,5384,0.5217310549777118,0.0009013303288989037,-1.392810785377075
Vi,mid,8521,0.4931346086140124,0.00812930623564588,-0.20427517969635461
Viktor,mid,5890,0.48896434634974534,0.0029986566711444297,-0.08248590940853834
Vladimir,mid,8222,0.47798589151058135,0.004939983533388222,0.36685850339673337
Volibear,mid,7560,0.5296296296296297,0.008111972960090133,-1.6443725136814344
Warwick,mid,4944,0.5101132686084142,0.001993326688911037,-0.9253182033131981
Wukong,mid,8805,0.518114707552527,0.00495731680894397,-1.2163255066408691
Xerath,mid,2692,0.4962852897473997,0.0006933310222299258,-0.39055218161353394
Xin Zhao,mid,10391,0.5044750264652103,0.032985223382588726,-0.4446024043130881
Yasuo,mid,16508,0.4782529682578144,0.31169562768124104,2.9124859271769905
Yorick,mid,832,0.4831730769230769,0.0014559951466828443,0.13316041585997684
Zac,mid,5135,0.4963972736124635,0.003778654071153096,-0.36926093354496237
Zed,mid,19098,0.503089328725521,0.056792477358408804,-0.19154455640935908
Ziggs,mid,2303,0.4706904038211029,0.0006673311088963037,0.6191067336028219
Zilean,mid,3595,0.5065368567454799,0.003154656151146163,-0.7745295261564674
Zyra,mid,4188,0.51981852913085,0.0011266629111236295,-1.3154722105773815
Aatrox,high,552,0.483695652173913,0.006003152234377898,0.17825564114166664
Ahri,high,6010,0.5302828618968386,0.008784535508993139,-1.5913022430737873
Akali,high,699,0.47639484978540775,0.005191915445948452,0.452629057742647
Alistar,high,5106,0.509204857030944,0.006165399592063786,-0.8013328714852896
Amumu,high,1399,0.49749821300929237,0.001460226219173002,-0.38803429757788466
Anivia,high,2966,0.5249494268374916,0.013582421657704432,-1.3486640613715188
Annie,high,2700,0.49333333333333335,0.00987391062488411,-0.16202130911058726
Ashe,high,1417,0.5010585744530699,0.00032449471537177824,-0.5338256918206856
Azir,high,1896,0.4440928270042194,0.0030363434081216393,1.6778041388231546
Bard,high,5746,0.46153846153846156,0.0061422213981086595,1.0313142211880604
Blitzcrank,high,8880,0.5261261261261261,0.020304097904691266,-1.341287302431637
Brand,high,7287,0.5225744476464937,0.15661505655479324,-0.13757878504284649
Braum,high,3984,0.4866967871485944,0.0030363434081216393,0.039632138833053276
Caitlyn,high,6031,0.45829878958713316,0.0062812905618394215,1.1569721250390594
Cassiopeia,high,701,0.4664764621968616,0.0006953458186538105,0.7988001877149629
Cho'Gath,high,1069,0.47427502338634236,0.0007880585944743185,0.4996622302923967
Corki,high,3120,0.5134615384615384,0.002595957722974226,-0.9929514548701044
Darius,high,3381,0.4954155575273588,0.04141943259781198,0.004876262953362305
Diana,high,2463,0.48112058465286234,0.00947988132764695,0.3044883829970909
Dr. Mundo,high,4420,0.531447963800905,0.7052660856666049,3.8164675181514625
Draven,high,2973,0.5294315506222671,0.003244947153717782,-1.6019362984731906
Ekko,high,4034,0.45066931085770945,0.006420359725570183,1.4514232238154359
Elise,high,3916,0.4790602655771195,0.026793992212126833,0.5192576374362445
Evelynn,high,2276,0.5039543057996485,0.01367513443352494,-0.5406513257230732
Ezreal,high,9904,0.48576332794830374,0.003801223808640831,0.08151278047319094
Fiddlesticks,high,640,0.4640625,0.0008807713702948266,0.8930714995027671
Fiora,high,4872,0.4825533661740558,0.16178379380678656,1.4417431877193003
Fizz,high,5035,0.5100297914597816,0.03233358056740219,-0.62818881642849
Galio,high,372,0.4838709677419355,0.0013211570554422399,0.13486045471308916
Gangplank,high,4522,0.5181335692171606,0.1412942703504543,-0.08676419631638976
Garen,high,977,0.5056294779938587,0.005377340997589468,-0.6700248755745797
Gnar,high,2428,0.48311367380560133,0.0014834044131281292,0.16524948209060802
Gragas,high,1494,0.44377510040160645,0.0009503059521602077,1.6736900637356233
Graves,high,4154,0.5137217140105922,0.07544502132393843,-0.43263951533315953
Hecarim,high,3234,0.5204081632653061,0.006072686816243279,-1.232838897762286
Heimerdinger,high,789,0.5044359949302915,0.0023873539773780826,-0.6475418737841961
Illaoi,high,1915,0.4114882506527415,0.18116076395327277,4.325976994058828
Irelia,high,4614,0.4989163415691374,0.10898386797700724,0.3992110707080066
Janna,high,10148,0.5488766259361451,0.009618950491377712,-2.2997217617122327
Jarvan IV,high,1868,0.47109207708779444,0.0013211570554422399,0.6262237174146907
Jax,high,4447,0.4814481673038003,0.4603652883367328,3.8217546856299176
Jayce,high,1649,0.47786537295330506,0.0013211570554422399,0.3657825847846011
Jinx,high,3888,0.4904835390946502,0.0008344149823845726,-0.1232112073473024
Kalista,high,4453,0.49809117448910845,0.006953458186538105,-0.3678293028566046
Karma,high,1838,0.5043525571273123,0.0006721676246986835,-0.657761331801518
Karthus,high,644,0.47360248447204967,0.0007417022065640646,0.5251592247515704
Kassadin,high,3212,0.4729140722291407,0.0078110513628778045,0.6069735382350125
Katarina,high,1227,0.47758761206193967,0.0023178193955127016,0.38426542035333455
Kayle,high,1939,0.518308406395049,0.00901631744854441,-1.129055891696766
Kennen,high,1517,0.4990112063282795,0.0018542555164101613,-0.44312590600206525
Kha'Zix,high,1638,0.4609279609279609,0.0029668088262562583,1.0299292196781513
Kindred,high,4277,0.5167173252279635,0.47934822918598186,2.6142268010686975
Kog'Maw,high,649,0.47303543913713403,0.001344335249397367,0.5516806340245477
LeBlanc,high,4255,0.45334900117508814,0.007324309289820137,1.3554627843906053
Lee Sin,high,17274,0.48697464397360196,0.05347209345447803,0.42379632678581824
Leona,high,2629,0.5138836059338151,0.00039402929723715926,-1.026418755371426
Lissandra,high,2341,0.4856898761213157,0.0013211570554422399,0.0649213042784686
Lucian,high,18795,0.48784251130619843,0.01251622473576859,0.0697931835826393
Lulu,high,5608,0.5162268188302425,0.025148340441312814,-0.9227230915390026
Lux,high,4000,0.51525,0.0022946412015575745,-1.0640788158413697
Malphite,high,6575,0.5301901140684411,0.23509642128685332,0.1839997356080243
Malzahar,high,1332,0.5375375375375375,0.0019701464861857964,-1.9236010338824923
Maokai,high,757,0.4848084544253633,0.00046356387910254034,0.09209912791845659
Master Yi,high,3111,0.49437479909996784,0.017499536436120896,-0.14236788205557743
Miss Fortune,high,9417,0.536582775830944,0.035161320229927684,-1.6270444376609239
Morgana,high,5773,0.4978347479646631,0.006234934173929167,-0.3635945375404268
Nami,high,3986,0.5155544405418966,0.0003708511032820323,-1.090845752381819
Nasus,high,1982,0.49596367305751765,0.002943630632301131,-0.3174162655093646
Nautilus,high,2838,0.5130373502466525,0.0009734841461153347,-0.9893428380584575
Nidalee,high,5290,0.4998109640831758,0.051386055998516596,-0.08610619936220457
Nocturne,high,1483,0.48954821308159135,0.001390691637307621,-0.0828918879617101
Nunu,high,1146,0.5287958115183246,0.0017151863526793992,-1.5894674793032988
Olaf,high,1373,0.49089584850691914,0.0017847209345447804,-0.13162529234917403
Orianna,high,2929,0.46432229429839533,0.0005562766549230484,0.8805417224236936
Pantheon,high,2707,0.5171776874769117,0.0052846282217689595,-1.1147928343760711
Poppy,high,3415,0.469692532942899,0.060263304283330245,1.1414802576306955
Quinn,high,3162,0.5183428209993675,0.1253476729093269,-0.21965185256586384
Rammus,high,3202,0.537788881948782,0.11005006489894308,-1.0871365107138078
Rek'Sai,high,4197,0.519418632356445,0.009827554236973854,-1.1653944182940252
Renekton,high,5237,0.4661065495512698,0.010708325607268681,0.8914127232074578
Rengar,high,5687,0.5273430631264286,0.3457491192286297,1.1597427853378308
Riven,high,5335,0.4693533270852858,0.0278833673280178,0.901029182333579
Rumble,high,985,0.4416243654822335,0.0006721676246986835,1.754210860801065
Ryze,high,2886,0.5003465003465003,0.028856851474133135,-0.2830733593712165
Sejuani,high,516,0.49612403100775193,0.0003013165214166512,-0.3442681920904214
Shaco,high,2065,0.5142857142857142,0.006327646949749676,-0.9954275723942094
Shen,high,4763,0.5076632374553852,0.0062812905618394215,-0.7411485195841279
Shyvana,high,1267,0.4909234411996843,0.0010198405340255887,-0.13867430933920213
Singed,high,1043,0.5273250239693192,0.0015529389949935101,-1.534184172686265
Sion,high,919,0.5353645266594124,0.0005562766549230484,-1.851115040849625
Sivir,high,1665,0.4870870870870871,0.00020860374559614314,0.0024870269346415896
Skarner,high,429,0.4965034965034965,0.0006258112367884295,-0.3563187003165328
Sona,high,2831,0.5121865065347934,0.002735026886704988,-0.9428362533271968
Soraka,high,3703,0.5244396435322711,0.7596189504913777,4.511459773097364
Swain,high,771,0.4993514915693904,0.0010430187279807158,-0.46256122835139246
Syndra,high,1919,0.4726420010422095,0.001182087891711478,0.5655385965210122
Tahm Kench,high,3701,0.4706835990272899,0.6225662896347116,5.505493511084722
Talon,high,2411,0.5437577768560763,0.006698498053031708,-2.1257594866356864
Taric,high,1127,0.5173025732031943,0.001460226219173002,-1.149535065051777
Teemo,high,1364,0.5043988269794721,0.004566104209160022,-0.6290558651153042
Thresh,high,12547,0.4848967880768311,0.004033005748192101,0.11664680937659072
Tristana,high,8225,0.5027355623100304,0.0024800667531985907,-0.5814324308602732
Trundle,high,4456,0.5276032315978456,0.05166419432597812,-1.1525738565810861
Tryndamere,high,2059,0.5245264691597863,0.1381188577786019,-0.3574381243009326
Twisted Fate,high,6979,0.5324545063762717,0.042995549786760616,-1.4069755532286221
Twitch,high,2045,0.5149144254278729,0.0010661969219358427,-1.060792746196571
Udyr,high,1652,0.5169491525423728,0.002503244947153718,-1.1277801111650685
Varus,high,985,0.5228426395939086,0.00032449471537177824,-1.3714484254527404
Vayne,high,12305,0.5020723283218204,0.048141108844798816,-0.1984621245008357
Veigar,high,729,0.4499314128943759,0.014810865937326164,1.5454833091176408
Vel'Koz,high,2007,0.5281514698555058,0.0007185240126089376,-1.5724943952752406
Vi,high,2392,0.48035117056856186,0.002735026886704988,0.2812695765869249
Viktor,high,2974,0.47948890383322124,0.001344335249397367,0.30353738320398976
Vladimir,high,2800,0.4639285714285714,0.0023409975894678288,0.9096529331041956
Volibear,high,1326,0.5339366515837104,0.001367513443352494,-1.789860619795311
Warwick,high,686,0.4518950437317784,0.0005794548488781754,1.3585654692152438
Wukong,high,3272,0.5201711491442543,0.006327646949749676,-1.2217294128887026
Xerath,high,1264,0.49050632911392406,0.0006026330428333024,-0.12590206950789665
Xin Zhao,high,2163,0.5099398982894129,0.016873725199332466,-0.7457634254894764
Yasuo,high,4986,0.45788206979542717,0.22146764324123863,2.8576323567075823
Yorick,high,214,0.514018691588785,0.0009503059521602077,-1.0272580141340881
Zac,high,2835,0.491005291005291,0.009526237715557204,-0.07522720300227256
Zed,high,6344,0.5093001261034048,0.024267569071017986,-0.6632789959295766
Ziggs,high,707,0.45403111739745405,0.00048674207305766736,1.2757051195627886
Zilean,high,2354,0.5174171622769753,0.005840904876692008,-1.1196459776230838
Zyra,high,1284,0.4735202492211838,0.0009503059521602077,0.5299543695268354
