champion,amp_slope_win,n_players_win,mean_on_champ_win,amp_slope_lane_diff,n_players_lane_diff,mean_on_champ_lane_diff
Lissandra,0.1422,279,0.5184,0.8675,279,3.9303
Viktor,-0.0333,430,0.5213,0.7796,430,5.4484
Rek'Sai,-0.0732,458,0.5397,0.7727,458,28.3598
Nunu,0.0357,119,0.5922,0.7274,119,3.12
Nidalee,0.1263,608,0.5282,0.6693,608,31.9682
Jax,0.018,864,0.5336,0.6403,864,11.3172
Elise,-0.093,490,0.5241,0.6323,490,-6.8763
Hecarim,0.0062,411,0.5534,0.6298,411,12.8633
Azir,0.0504,312,0.5065,0.6161,312,-2.4856
Cho'Gath,-0.0976,272,0.5321,0.6124,272,16.551
Xerath,0.014,161,0.5402,0.6048,161,10.7159
Kassadin,0.0633,490,0.5227,0.5998,490,-4.4893
Vi,-0.0493,453,0.5261,0.5871,453,8.9918
Rumble,0.1708,129,0.5043,0.5807,129,1.8299
LeBlanc,0.0469,752,0.4924,0.5801,752,7.4889
Olaf,-0.1337,219,0.5479,0.5682,219,15.1658
Dr. Mundo,0.036,776,0.578,0.5386,776,23.8879
Nocturne,0.0279,269,0.5367,0.5365,269,19.1393
Maokai,-0.3781,80,0.5085,0.53,80,-20.276
Shyvana,-0.0397,234,0.5663,0.5199,234,51.9007
Jarvan IV,-0.0481,291,0.5336,0.514,291,-8.0169
Vladimir,-0.0088,455,0.5053,0.5009,455,6.3919
Zed,-0.0345,1291,0.5364,0.4949,1291,26.8431
Yasuo,-0.0192,1009,0.5152,0.4804,1009,11.1488
Taric,-0.0703,181,0.5363,0.4795,181,-0.1888
Tryndamere,-0.0201,435,0.5474,0.47,435,36.785
Rengar,-0.0597,974,0.5478,0.4671,974,18.2646
Diana,-0.0238,463,0.5206,0.4646,463,15.2147
Orianna,0.2218,393,0.5062,0.4632,393,4.7157
Gnar,0.0708,419,0.5372,0.4623,419,6.2676
Ahri,-0.0794,1018,0.5543,0.4615,1018,6.0006
Garen,0.0794,352,0.5513,0.4591,352,11.583
Gangplank,0.0351,643,0.5451,0.4579,643,9.6695
Veigar,-0.0139,152,0.5213,0.4516,152,-6.3209
Talon,0.0524,366,0.577,0.451,366,11.6626
Malphite,-0.0181,1254,0.5544,0.4496,1254,-0.064
Fiora,0.0984,777,0.5388,0.4458,777,10.835
Sivir,0.0704,281,0.5439,0.4451,281,4.9309
Fizz,-0.0285,980,0.5482,0.4445,980,12.537
Trundle,-0.0709,751,0.5593,0.4408,751,3.973
Lee Sin,-0.0248,3043,0.5017,0.4297,3043,-6.2073
Lulu,0.0731,801,0.542,0.4223,801,1.1452
Riven,0.0724,894,0.5024,0.421,894,6.7904
Sion,-0.1341,139,0.5616,0.42,139,4.0928
Amumu,-0.0656,356,0.5528,0.4173,356,4.6088
Shen,0.0455,740,0.5454,0.4138,740,2.5527
Renekton,-0.0117,774,0.5194,0.4084,774,20.4629
Quinn,0.0817,667,0.5523,0.4026,667,7.6062
Kindred,0.1112,739,0.5467,0.4012,739,10.8829
Twisted Fate,0.0534,969,0.5661,0.3754,969,-3.8582
Syndra,0.0633,268,0.5222,0.3677,268,16.9081
Darius,-0.0229,613,0.5364,0.3556,613,15.269
Singed,0.0607,134,0.5743,0.3546,134,16.562
Lux,-0.0069,996,0.5482,0.3545,996,2.9101
Swain,-0.0623,152,0.5735,0.3522,152,18.1417
Sejuani,0.0665,121,0.5469,0.3504,121,-2.5528
Heimerdinger,0.0378,130,0.5713,0.3426,130,15.1827
Annie,0.023,547,0.529,0.338,547,-2.7009
Ekko,-0.0114,722,0.498,0.3304,722,-1.3684
Illaoi,-0.0318,465,0.507,0.3288,465,17.5216
Tahm Kench,-0.0856,713,0.5347,0.3261,713,9.775
Rammus,-0.0293,505,0.5729,0.3246,505,-19.7433
Zac,0.0212,388,0.5235,0.3236,388,2.5285
Zilean,0.0836,270,0.542,0.317,270,15.7398
Kog'Maw,-0.4529,141,0.4841,0.3014,141,-7.5697
Corki,0.274,430,0.5545,0.301,430,10.1056
Poppy,0.0295,619,0.5197,0.2966,619,0.776
Evelynn,-0.0963,263,0.5438,0.2918,263,12.1166
Kha'Zix,0.0633,233,0.4834,0.2913,233,4.3358
Vel'Koz,0.032,335,0.5746,0.2788,335,12.6244
Teemo,0.0663,281,0.5278,0.2721,281,10.966
Malzahar,0.0152,332,0.5636,0.2691,332,17.6438
Udyr,-0.0638,412,0.555,0.2632,412,37.1327
Morgana,-0.0169,1104,0.5347,0.2584,1104,6.4665
Ziggs,0.2584,112,0.5306,0.257,112,3.8289
Kalista,0.1501,728,0.5383,0.2566,728,8.6835
Caitlyn,0.1446,1099,0.4959,0.2452,1099,-4.7472
Tristana,0.0465,1601,0.5283,0.2408,1601,1.6988
Anivia,-0.0073,402,0.5725,0.2391,402,30.9666
Volibear,-0.0706,408,0.5724,0.2304,408,5.3086
Lucian,-0.0158,3189,0.5114,0.2249,3189,9.7337
Master Yi,-0.0217,794,0.556,0.2213,794,31.6113
Twitch,0.1112,362,0.5521,0.2205,362,3.7726
Cassiopeia,-0.3482,103,0.5242,0.2204,103,1.2161
Brand,-0.0726,1463,0.5615,0.2132,1463,5.6581
Pantheon,-0.1023,426,0.5523,0.2001,426,-1.4922
Akali,-0.1179,152,0.5177,0.1949,152,10.8265
Vayne,-0.0051,2453,0.5228,0.1928,2453,-3.6079
Ezreal,-0.0138,1671,0.5156,0.1879,1671,1.0444
Alistar,-0.0646,787,0.5315,0.1855,787,1.1142
Kennen,-0.0887,178,0.5237,0.1829,178,9.2058
Braum,-0.2525,669,0.5346,0.1817,669,2.2321
Ashe,-0.07,319,0.5355,0.1803,319,0.9358
Irelia,-0.0504,693,0.549,0.1784,693,24.3404
Miss Fortune,-0.0133,2041,0.5754,0.1737,2041,9.9562
Nasus,-0.0847,500,0.5695,0.1638,500,20.7294
Fiddlesticks,0.0931,114,0.5525,0.1556,114,-10.544
Nami,-0.0319,592,0.5549,0.1524,592,1.9144
Graves,0.0857,738,0.5619,0.1505,738,20.8661
Janna,0.1044,1232,0.5666,0.147,1232,0.344
Nautilus,0.0474,572,0.5628,0.1398,572,4.1681
Blitzcrank,0.0128,1604,0.556,0.1372,1604,11.6276
Ryze,0.0398,351,0.5371,0.129,351,13.1021
Katarina,-0.0975,217,0.5115,0.1267,217,-0.8943
Wukong,-0.0509,468,0.5597,0.1178,468,4.9246
Sona,0.0831,517,0.5619,0.1174,517,1.9671
Zyra,0.0284,206,0.5375,0.1168,206,5.4911
Thresh,-0.0555,2070,0.5063,0.1158,2070,3.567
Kayle,0.0806,275,0.5656,0.111,275,7.0781
Bard,-0.0605,837,0.4912,0.1087,837,6.5925
Warwick,-0.0103,213,0.5292,0.104,213,-2.6248
Jinx,-0.0518,923,0.5393,0.1037,923,-3.4084
Shaco,-0.089,413,0.5594,0.0929,413,-6.1594
Soraka,0.0139,665,0.5484,0.0622,665,-1.7971
Xin Zhao,-0.2807,514,0.5407,0.0509,514,0.3543
Karma,-0.2409,262,0.5463,0.049,262,-0.7847
Jayce,0.0277,205,0.5134,0.0487,205,6.5495
Varus,-0.0328,173,0.5403,0.0339,173,4.4276
Karthus,0.1524,94,0.5497,0.0189,94,7.964
Draven,-0.0059,423,0.554,0.0083,423,5.741
Leona,-0.0551,568,0.5501,-0.0152,568,5.4647
Aatrox,0.0084,121,0.5556,-0.0224,121,27.5116
Gragas,-0.1456,192,0.5061,-0.0331,192,-12.0895
